{
    "paper towel": {
        "32": [
            0.0007018247270025313,
            0.010577501729130745
        ],
        "48": [
            0.9442049264907837,
            0.9947864413261414
        ],
        "64": [
            0.9965911507606506,
            1.0
        ],
        "128": [
            1.0,
            1.0
        ]
    }
}