{
    "paper towel": {
        "32": [
            0.0009023461025208235,
            0.010878283530473709
        ],
        "48": [
            0.9427010416984558,
            0.9948866963386536
        ],
        "64": [
            0.9958391785621643,
            1.0
        ],
        "128": [
            1.0,
            1.0
        ]
    },
    "bulletproof vest": {
        "32": [
            0.018297573551535606,
            0.10291758924722672
        ],
        "48": [
            0.7200220823287964,
            0.8886103630065918
        ],
        "64": [
            0.9360336661338806,
            0.9928814768791199
        ],
        "128": [
            0.9997994899749756,
            1.0
        ]
    }
}